<application>
  <component name="ProjectJdkTable">
    <jdk version="2">
      <name value="Python 3.7 (myapi_demo)" />
      <type value="Python SDK" />
      <version value="Python 3.7.8" />
      <homePath value="D:\Python\python.exe" />
      <roots>
        <classPath>
          <root type="composite">
            <root url="file://D:/Python/DLLs" type="simple" />
            <root url="file://D:/Python/Lib" type="simple" />
            <root url="file://D:/Python" type="simple" />
            <root url="file://$USER_HOME$/AppData/Roaming/Python/Python37/site-packages" type="simple" />
            <root url="file://D:/Python/Lib/site-packages" type="simple" />
            <root url="file://D:/Python/Lib/site-packages/win32" type="simple" />
            <root url="file://D:/Python/Lib/site-packages/win32/lib" type="simple" />
            <root url="file://D:/Python/Lib/site-packages/pythonwin" type="simple" />
            <root url="file://$USER_HOME$/.PyCharm2019.3/system/python_stubs/-643338342" type="simple" />
            <root url="file://$APPLICATION_HOME_DIR$/plugins/python/helpers/python-skeletons" type="simple" />
            <root url="file://$APPLICATION_HOME_DIR$/plugins/python/helpers/typeshed/stdlib/3" type="simple" />
            <root url="file://$APPLICATION_HOME_DIR$/plugins/python/helpers/typeshed/stdlib/2and3" type="simple" />
            <root url="file://$APPLICATION_HOME_DIR$/plugins/python/helpers/typeshed/third_party/3" type="simple" />
            <root url="file://$APPLICATION_HOME_DIR$/plugins/python/helpers/typeshed/third_party/2and3" type="simple" />
          </root>
        </classPath>
        <sourcePath>
          <root type="composite" />
        </sourcePath>
      </roots>
      <additional />
    </jdk>
    <jdk version="2">
      <name value="Python 3.8 (myapi_demo)" />
      <type value="Python SDK" />
      <homePath value="D:\PycharmProjects\myapi_demo\venv\Scripts\python.exe" />
      <roots>
        <classPath>
          <root type="composite" />
        </classPath>
        <sourcePath>
          <root type="composite" />
        </sourcePath>
      </roots>
      <additional ASSOCIATED_PROJECT_PATH="D:/PycharmProjects/myapi_demo" />
    </jdk>
    <jdk version="2">
      <name value="Python 3.7 (blog_demo)" />
      <type value="Python SDK" />
      <version value="Python 3.7.7" />
      <homePath value="D:\PycharmProjects\blog_demo\venv\Scripts\python.exe" />
      <roots>
        <classPath>
          <root type="composite">
            <root url="file://D:/Python/DLLs" type="simple" />
            <root url="file://D:/Python/Lib" type="simple" />
            <root url="file://D:/Python" type="simple" />
            <root url="file://D:/PycharmProjects/blog_demo/venv" type="simple" />
            <root url="file://D:/PycharmProjects/blog_demo/venv/Lib/site-packages" type="simple" />
            <root url="file://$USER_HOME$/AppData/Roaming/Python/Python37/site-packages" type="simple" />
            <root url="file://D:/Python/Lib/site-packages" type="simple" />
            <root url="file://D:/Python/Lib/site-packages/win32" type="simple" />
            <root url="file://D:/Python/Lib/site-packages/win32/lib" type="simple" />
            <root url="file://D:/Python/Lib/site-packages/pythonwin" type="simple" />
            <root url="file://$USER_HOME$/.PyCharm2019.3/system/python_stubs/-1780869776" type="simple" />
            <root url="file://$APPLICATION_HOME_DIR$/plugins/python/helpers/python-skeletons" type="simple" />
            <root url="file://$APPLICATION_HOME_DIR$/plugins/python/helpers/typeshed/stdlib/3" type="simple" />
            <root url="file://$APPLICATION_HOME_DIR$/plugins/python/helpers/typeshed/stdlib/2and3" type="simple" />
            <root url="file://$APPLICATION_HOME_DIR$/plugins/python/helpers/typeshed/third_party/3" type="simple" />
            <root url="file://$APPLICATION_HOME_DIR$/plugins/python/helpers/typeshed/third_party/2and3" type="simple" />
          </root>
        </classPath>
        <sourcePath>
          <root type="composite" />
        </sourcePath>
      </roots>
      <additional ASSOCIATED_PROJECT_PATH="D:/PycharmProjects/blog_demo" />
    </jdk>
    <jdk version="2">
      <name value="Python 3.7 (scrapyprograms)" />
      <type value="Python SDK" />
      <version value="Python 3.7.7" />
      <homePath value="D:\PycharmProjects\scrapyprograms\venv\Scripts\python.exe" />
      <roots>
        <classPath>
          <root type="composite">
            <root url="file://D:/Python/DLLs" type="simple" />
            <root url="file://D:/Python/Lib" type="simple" />
            <root url="file://D:/Python" type="simple" />
            <root url="file://D:/PycharmProjects/scrapyprograms/venv" type="simple" />
            <root url="file://D:/PycharmProjects/scrapyprograms/venv/Lib/site-packages" type="simple" />
            <root url="jar://D:/PycharmProjects/scrapyprograms/venv/Lib/site-packages/setuptools-40.8.0-py3.7.egg!/" type="simple" />
            <root url="file://D:/PycharmProjects/scrapyprograms/venv/Lib/site-packages/pip-19.0.3-py3.7.egg" type="simple" />
            <root url="file://$USER_HOME$/.PyCharm2019.3/system/python_stubs/-420552505" type="simple" />
            <root url="file://$APPLICATION_HOME_DIR$/plugins/python/helpers/python-skeletons" type="simple" />
            <root url="file://$APPLICATION_HOME_DIR$/plugins/python/helpers/typeshed/stdlib/3" type="simple" />
            <root url="file://$APPLICATION_HOME_DIR$/plugins/python/helpers/typeshed/stdlib/2and3" type="simple" />
            <root url="file://$APPLICATION_HOME_DIR$/plugins/python/helpers/typeshed/third_party/3" type="simple" />
            <root url="file://$APPLICATION_HOME_DIR$/plugins/python/helpers/typeshed/third_party/2and3" type="simple" />
          </root>
        </classPath>
        <sourcePath>
          <root type="composite" />
        </sourcePath>
      </roots>
      <additional ASSOCIATED_PROJECT_PATH="D:/PycharmProjects/scrapyprograms" />
    </jdk>
    <jdk version="2">
      <name value="Python 3.7 (guistudy)" />
      <type value="Python SDK" />
      <version value="Python 3.7.8" />
      <homePath value="D:\PycharmProjects\guistudy\venv\Scripts\python.exe" />
      <roots>
        <classPath>
          <root type="composite">
            <root url="file://D:/Python/DLLs" type="simple" />
            <root url="file://D:/Python/Lib" type="simple" />
            <root url="file://D:/Python" type="simple" />
            <root url="file://D:/PycharmProjects/guistudy/venv" type="simple" />
            <root url="file://D:/PycharmProjects/guistudy/venv/Lib/site-packages" type="simple" />
            <root url="jar://D:/PycharmProjects/guistudy/venv/Lib/site-packages/setuptools-40.8.0-py3.7.egg!/" type="simple" />
            <root url="file://D:/PycharmProjects/guistudy/venv/Lib/site-packages/pip-19.0.3-py3.7.egg" type="simple" />
            <root url="file://$USER_HOME$/.PyCharm2019.3/system/python_stubs/1175463934" type="simple" />
            <root url="file://$APPLICATION_HOME_DIR$/plugins/python/helpers/python-skeletons" type="simple" />
            <root url="file://$APPLICATION_HOME_DIR$/plugins/python/helpers/typeshed/stdlib/3" type="simple" />
            <root url="file://$APPLICATION_HOME_DIR$/plugins/python/helpers/typeshed/stdlib/2and3" type="simple" />
            <root url="file://$APPLICATION_HOME_DIR$/plugins/python/helpers/typeshed/third_party/3" type="simple" />
            <root url="file://$APPLICATION_HOME_DIR$/plugins/python/helpers/typeshed/third_party/2and3" type="simple" />
          </root>
        </classPath>
        <sourcePath>
          <root type="composite" />
        </sourcePath>
      </roots>
      <additional ASSOCIATED_PROJECT_PATH="D:/PycharmProjects/guistudy" />
    </jdk>
    <jdk version="2">
      <name value="Python 3.7 (api_automation_test-master)" />
      <type value="Python SDK" />
      <version value="Python 3.7.8" />
      <homePath value="D:\PycharmProjects\api_automation_test-master\venv\Scripts\python.exe" />
      <roots>
        <classPath>
          <root type="composite">
            <root url="file://D:/Python/DLLs" type="simple" />
            <root url="file://D:/Python/Lib" type="simple" />
            <root url="file://D:/Python" type="simple" />
            <root url="file://D:/PycharmProjects/api_automation_test-master/venv" type="simple" />
            <root url="file://D:/PycharmProjects/api_automation_test-master/venv/Lib/site-packages" type="simple" />
            <root url="jar://D:/PycharmProjects/api_automation_test-master/venv/Lib/site-packages/setuptools-40.8.0-py3.7.egg!/" type="simple" />
            <root url="file://D:/PycharmProjects/api_automation_test-master/venv/Lib/site-packages/pip-19.0.3-py3.7.egg" type="simple" />
            <root url="file://$USER_HOME$/.PyCharm2019.3/system/python_stubs/134710058" type="simple" />
            <root url="file://$APPLICATION_HOME_DIR$/plugins/python/helpers/python-skeletons" type="simple" />
            <root url="file://$APPLICATION_HOME_DIR$/plugins/python/helpers/typeshed/stdlib/3" type="simple" />
            <root url="file://$APPLICATION_HOME_DIR$/plugins/python/helpers/typeshed/stdlib/2and3" type="simple" />
            <root url="file://$APPLICATION_HOME_DIR$/plugins/python/helpers/typeshed/third_party/3" type="simple" />
            <root url="file://$APPLICATION_HOME_DIR$/plugins/python/helpers/typeshed/third_party/2and3" type="simple" />
          </root>
        </classPath>
        <sourcePath>
          <root type="composite" />
        </sourcePath>
      </roots>
      <additional ASSOCIATED_PROJECT_PATH="D:/PycharmProjects/api_automation_test-master" />
    </jdk>
  </component>
</application>