<toolSet name="External Tools">
  <tool name="Qt Designer" showInMainMenu="false" showInEditor="false" showInProject="false" showInSearchPopup="false" disabled="false" useConsole="true" showConsoleOnStdOut="false" showConsoleOnStdErr="false" synchronizeAfterRun="true">
    <exec>
      <option name="COMMAND" value="D:\PycharmProjects\guistudy\venv\Scripts\pyqt5designer.exe" />
      <option name="PARAMETERS" value="$ProjectFileDir$" />
      <option name="WORKING_DIRECTORY" value="D:/Python/Scripts" />
    </exec>
  </tool>
  <tool name="PyUIC" showInMainMenu="false" showInEditor="false" showInProject="false" showInSearchPopup="false" disabled="false" useConsole="true" showConsoleOnStdOut="false" showConsoleOnStdErr="false" synchronizeAfterRun="true">
    <exec>
      <option name="COMMAND" value="D:\PycharmProjects\guistudy\venv\Scripts\pyuic5.exe" />
      <option name="PARAMETERS" value="$FileName$ -o $FileNameWithoutExtension$.py" />
      <option name="WORKING_DIRECTORY" value="$ProjectFileDir$" />
    </exec>
  </tool>
</toolSet>